does ethanol take more energy make that produces,False
can u drive in canada with us license,True
is the show bloodline based on a true story,False
is the liver part of the excretory system,True
is fantastic beasts and where to find them a prequel,True
is durham university part of the russell group,True
does magnesium citrate have citric acid in it,True
does p o box come before street address,False
does a spark plug keep an engine running,True
does deadpool have a kid in the comics,True
is there any next part of avengers infinity war,True
is the toyota highlander on a truck frame,False
is it legal to do a cover of a song,True
is there a sequel to the movie the golden compass,False
is columbus day a national holiday in the united states,True
are new balance and nike the same company,False
is there an interstate that goes coast to coast,True
is pureed tomatoes the same as tomato sauce,False
can there be a word without a vowel,True
is the us womens soccer team in the world cup,True
can a hammer be used as a weapon,True
do they still have fox hunts in england,False
has wisconsin ever been in the little league world series,False
does damon and elena get together in season 3,False
is the other boleyn girl part of a series,True
is mount everest a part of the himalayas,True
has no 1 court at wimbledon got a roof,False
has anyone come back from 3-0 in the nba finals,False
do radio waves travel at the speed of light,True
do all triangles have at least two acute angles,True
can you get the death penalty as a minor,False
are t rex and tyrannosaurus rex the same,True
is the old panama canal still in use,True
do blue and pink cotton candy taste the same,False
did to kill a mockingbird win an academy award,True
do the runners up on survivor win money,True
are there nuclear power plants in the us,True
did deion sanders ever win a world series,False
is a german shepard the same as an alsatian,True
is it possible to create mass from energy,True
is a tablespoon bigger than a dessert spoon,True
is angular frequency and angular velocity the same,False
is salt lake city the biggest city in utah,True
was there a draft in the revolutionary war,True
will there be a new spartacus season 5,False
is scar alive in the lion king 2,False
is the dog from little rascals still alive,False
is all of new zealand in the same time zone,False
is powdered milk the same as milk powder,True
does the united states have a federal system of government,True
is a father in law considered a relative,True
are st bernards and bernese mountain dogs related,True
can one travel faster than the speed of light,False
is there going to be another golden compass movie,False
did ireland qualify for the 2018 world cup,False
does the little girl die in man on fire,False
can a nas be used as a server,True
do powerball matches have to be in order,False
is fate and the furious the last movie,False
is the drinking age different in every state,False
is the port mann bridge a toll bridge,False
is denatured alcohol and acetone the same thing,False
is the dot product of two vectors a scalar,True
is there such thing as a dominant eye,True
will there be a season 3 of here come the habibs,False
do numbers look the same in all languages,False
are the marvel tv shows in the mcu,True
is there a movie the handmaid's tale,True
is the shape of water movie based on a book,False
does 1 ball and 1 lucky star win euromillions,False
are all eyeglasses made by the same company,False
is ivory coast and cote d ivoire the same,True
is dragon fruit and pitaya the same thing,False
is it 5 portions of fruit and 5 of vegetables,False
did the game of thrones theme song change,False
is a bumble bee the same as a carpenter bee,False
is the routing number the same as transit number,False
is new zealand on the continent of australia,False
is there an official release date for the last airbender 2,False
is the indian motorcycle made in united states,True
do you win chess by taking the queen,False
does a fried egg have a runny yolk,True
did boo the world's cutest dog die,False
have scotland ever been in the world cup final,False
is there a military base in san diego,True
did england host the world cup in 1966,True
can you get more than one varsity letter,True
do bees die if they lose their stinger,True
are all the members of the band still alive,False
is antarctica the same as the south pole,False
do competitive inhibitors bind to the active site,True
is tess carroll died in charlie st cloud,False
does each state have their own national guard,True
is france the same timezone as the uk,False
is israel part of the european economic area,False
does maple syrup come straight from the tree,False
will there be a season 7 of puss in boots on netflix,False
are liquor stores open on memorial day oklahoma,False
are ncaa and nba balls the same size,False
is the book the outsiders based on a true story,False
is the liver a part of the gi tract,False
does salt water taffy have salt in it,True
does the navy have a delayed entry program,True
can you run on a dropped third strike in little league,False
is i can only imagine based on a true story,True
is season 4 of better call saul out,True
do straights have to be the same suit,False
has anyone won more than one congressional medal of honor,True
is the walking dead same as fear the walking dead,False
is there a chinatown in st louis mo,False
is there a season 4 of bad education,False
is let there be light a true story,False
is metal gear rising related to metal gear solid,True
is the vice president the president of the senate,True
was the power of one a true story,False
can a real image be projected onto a screen,True
did the titanic sink on its maiden voyage,True
did michael and pam date on the office,False
is there a disorder for being obsessed with someone,True
do they still make new episodes of dora,False
do donna and eric end up getting married,False
is an administrative law judge a real judge,True
does the uk use a 24 hour clock,True
is there a season 3 of indian summers,False
are there going to be any more i am number four movies,False
can the world cup final be decided on penalties,True
is australian sign language the same as american,False
is there a sequel to hunter x hunter,True
is the berlin wall the same as the berlin blockade,False
did arizona die in season 8 of grey's anatomy,False
is there a border between england and scotland,True
is language the only criteria of classifying state in india,False
are ground coriander and cumin the same thing,False
do adjectives have to come before a noun,False
is st kitts and nevis a us territory,False
is cheaper by the dozen based on a true story,True
do the internal intercostal muscles contract during inspiration,True
has anyone won the grand slam in golf,True
is city of industry in los angeles county,True
is song of solomon the same as song of songs,True
is there a season 7 of the sopranos,False
is a yard the same as a meter,False
does the sun orbit around the milky way,True
is a wheel and axle a simple machine,True
is there going to be a jack reacher 2,True
is z nation a spinoff of the walking dead,False
is the queen's birthday a public holiday in victoria,True
is the speed of sound constant for all materials,False
was there helicopters in the second world war,True
is women's college world series double elimination,True
is there such a thing as brain freeze,True
can you score off a throw in in soccer,False
is there a season 9 of pretty little liars,False
are you required to complete the american community survey,True
is george washington university an ivy league school,False
is the son of beast still at kings island,False
is there silver in a 1971 silver dollar,True
is there a post credit scene in ifinity war,True
is petroleum an example of a fossil fuel,True
does the monorail go to las vegas airport,False
is national and enterprise car rental the same company,False
has there ever been a movie rated nc-17,True
is a boston terrier a small breed dog,True
did william the conqueror have a legitimate claim to the english throne,True
is the cortex of the cerebellum gray matter,True
are the mountains in utah part of the rockies,True
will there be another now you see me movie,True
has a school shooting happened in a private school,True
is there a difference in structure of the two atria,True
does density depend on the type of material,True
was integration the rule in the northern states,False
is 1 ounce the same as 1 fluid ounce,True
is there a season 4 of crazy ex girlfriend,True
is the guy from deception really a twin,False
are the make it or break it cast real gymnasts,False
is whole wheat rice the same as brown rice,True
can you have more than one wife in uk,False
is the new york post still in business,True
is puerto rico a protectorate of the us,False
does a california roll have fish in it,False
does the us own the statue of liberty,True
do the miami dolphins have a real dolphin in their stadium,False
is courage the cowardly dog still on tv,False
will there be a season 4 of game shakers,False
is the movie a mountain between us a true story,False
do you have to be an all star to participate in the home run derby,False
did eric clapton play while my guitar gently weeps,True
do penalty shoot out goals count in golden boot,False
is race 3 a continuation of race 2,False
are they still making new episodes of adventure time,False
can a soccer goalie pick up a throw in,False
is the barber of seville the same as sweeney todd,False
is peroxide and hydrogen peroxide the same thing,False
is central bank of india a nationalised bank,True
has the u s ever won a world cup,False
is there always a full moon on summer solstice,False
is there lobster in shrimp with lobster sauce,False
is powder sugar the same as confectioners sugar,True
is there a free period in high school,True
can you grow olives in the united states,True
is jefferson airplane in the rock and roll hall of fame,True
can protein pass through the blood brain barrier,False
have the houston texans ever won a playoff game,True
are the new indian motorcycles made in america,True
is there going to be another series of the apprentice,True
is kabaneri of the iron fortress on crunchyroll,True
can a country have more than one type of government,True
is the national guard part of the coast guard,False
is in n out only located in california,False
does dark brown sugar have molasses in it,True
is women's one a day fda approved,True
is call of duty modern warfare 2 multiplayer,True
do we still follow the articles of confederation,False
does a bumble bee die after stinging someone,False
is hawaii 5-0 still on tv,True
can you grow banana trees from a banana,False
is there a such thing as common law marriage,True
are all of the far cry games connected,False
is picante sauce the same as taco sauce,False
is love child based on a true story,True
does fitness(as used in biology) and survival have the same meaning,False
is there gonna be a new halloween movie,True
is comcast and time warner the same company,False
is a king snake immune to rattlesnake venom,True
is drywall mud the same as joint compound,True
did ireland ever win the soccer world cup,False
have the washington capitals ever been in a stanley cup,True
is microsoft visio and visual studio the same,False
is a purchase price alone considered to be a prove of part performance in any jurisdiction,False
is a ram and a lamb the same thing,False
did olivia from law and order have a baby,False
has there ever been a shooting at a hospital,True
does age of ultron come after winter soldier,True
is it true that kangaroo means i don't know,False
do dairy cows have to be bred to produce milk,True
did queen ever have a number one hit,True
are canadian dollars the same as american dollars,False
is there a train station in atlantic city,True
is smaug the only dragon in middle earth,False
is it possible to connect your brain to a computer,False
will there be any more tinker bell movies,False
does the host of americas got talent get a golden buzzer,True
is trinity forest golf club a public course,False
is there a storyline in just cause 3,True
is the terminal based on a real story,True
has there ever been a tie game in baseball,True
is an oz and a fl oz the same,False
are you allowed to have your phone in prison,False
is artificial selection and selective breeding the same thing,True
did deep blue sea 2 come out in theaters,False
can someone with a phd be called a doctor,True
will the new legends of monkey have a season 2,False
do you count walks in the batting average,False
are all bacteria of a single species the exact same shape,False
is romania part of the visa waiver program,False
was the movie heat based on a book,False
can you get to the black sea from the mediterranean,True
is jpmorgan chase the same as chase bank,True
can you really hear the ocean in a seashell,False
is a peck the same as a bushel,False
is there a season 4 for cedar cove,False
is going to school mandatory in the us,True
is there a season 5 of melissa and joey,False
do teams keep the fifa world cup trophy,False
is c# and visual c# the same,False
is the vice president the head of the senate,True
was the soviet union part of the allied powers,True
is there such a thing as cold fire,True
did denzel washington play the trumpet in mo better blues,False
are rice noodles and glass noodles the same,False
have france and england ever met in the world cup,True
does dying light the following enhanced edition come with the original game,True
is the tommy gun a sub machine gun,True
is there really a how to train your dragon 3,True
is skyline drive part of the blue ridge parkway,True
was the 13th amendment after the civil war,True
does the post office run on memorial day,False
is how to train your dragon on now tv,False
is a dodge dakota a half ton truck,False
can you use other colors for a green screen,True
do all rhombuses have 2 pairs of parallel sides,True
has every mountain in the world been climbed,False
is there a new kung fu panda coming out,True
does every nation state have a national government,True
do evergreen trees lose their leaves in the winter,False
can a selective growth medium also be differential,True
does new york city include the 5 boroughs,True
is the square root of 3 a rational number,False
is the family medical leave act a federal law,True
are beef short ribs the same as spare ribs,False
did kaka play in the 2002 world cup,True
is a walk in baseball a dead ball,False
is there a season 2 of designated survivor,True
do all xbox 360 discs work on xbox one,False
did straws used to be made of paper,True
did star trek discovery get a second season,True
will there be another season of ad the bible continues,False
does the little girl in the movie crash die,False
is the blue whale the largest animal ever,True
is the world trade center in the financial district,True
has nigeria ever won the fifa world cup before,False
does the little boy die in life is beautiful,False
do i need a stamp if it says freepost,False
did greece qualify for the 2018 world cup,False
is aldi the largest grocer in the world,False
is the cell membrane and plasma membrane same,True
is st maarten and st martin the same,True
do you know the place where the peacock throne is now,False
did wayne gretzky ever win a stanley cup,True
is there anything higher than a 100 dollar bill,False
was the space race part of the cold war,True
can a negative number be a perfect square,False
has panama been in the world cup before,False
is there a year 0 in the gregorian calendar,False
is veterinary science the same as veterinary medicine,True
is there another part of avengers infinity war,True
is russell brand singing in get him to the greek,True
is state of decay coop on xbox one,True
is night of the living dead a true story,False
do they have guitar hero for xbox one,True
will there be a sequal to avengers infinity war,True
will there be a season 4 of the flash,True
is secondary school the same as high school in the united states,True
is there a time limit for ratification of an amendment,True
is there always a way to win solitaire,False
do i have to put my name on a letter,False
are sensory neurons part of the central nervous system,False
does germany have to qualify for 2018 world cup,True
is white christmas a sequel to holiday inn,False
does north and south korea speak the same,False
has anyone ever won the medal of honor more than once,True
are any of the original members of lynyrd skynyrd alive,True
is adjusted gross income same as taxable income,False
does cerebral spinal fluid have glucose in it,True
is payola legal in canada and the united states,False
is there a real cheers bar in boston,True
are breakfast lunch and dinner always served in italy,False
is pizza sauce and tomato sauce the same thing,False
is a cookie sheet the same as a sheet pan,True
is your body temp lower in the morning,True
is there a sequel to oz the great and powerful,False
is a bmw 1 series front wheel drive,False
are mini dv tapes the same as 8mm,False
are there going to be more tinkerbell movies,True
do great white sharks live at the bottom of the sea,False
is the university of chicago an ivy league school,False
is actin and myosin present in smooth muscle,True
are driving laws the same in all states,False
is area code 669 a toll free number,False
are black widow and red back spiders the same,False
can you use vegetable oil as carrier oil,True
do i have to give my name to a police officer,False
will a straight talk phone work with tracfone,True
did they find both halves of the titanic,True
are the spinal cord and vertebral column the same length,False
are there any post credit scenes in dead pool 2,False
is there a waterfall in marble falls tx,True
is the ogallala aquifer the largest in the world,False
was the battle of new orleans fought after the war of 1812,False
is a us passport card a valid form of id,True
can you get to south america by car,False
is west virginia and virginia the same state,False
is the bronx zoo the largest zoo in the world,False
does season finale mean the show is over,False
did the uk have a referendum to join the eu,True
is there a series 9 of vampire diaries,False
can a girl scout be an eagle scout,False
are elephants at the top of the food chain,False
is there a season three of doctor doctor,True
do we have to say check in chess,False
is the closer and major crimes the same,False
does the same genotype always result in the same phenotype,False
are fruit roll ups made with real fruit,False
is english the most commonly spoken language in the world,True
are there any thousand dollar bills in circulation,True
is there a sequel to the movie fifty shades of grey,True
does cedar point still have the demon drop,False
is thousand island the same as french dressing,False
is there a material that contracts with electricity,True
is the wizard of oz a disney production,False
does the ride harry potter and the forbidden journey go upside down,False
can you move the pawn backwards in chess,False
does naruto ultimate ninja storm have a story mode,True
can you carry a gun in new york city,False
does any movie have a 100 on rotten tomatoes,True
is fort walton beach the same as destin,False
can you drive a us car into canada,True
is i-94 a toll road in michigan,False
can we have more than 9 supreme court justices,False
is the dewey decimal system still in use,True
does the ring finger connected to the heart,False
was the love boat filmed on a ship,True
do you need a tv licence in the uk,True
can you get eaten by a whale shark,False
can a passport card be used to fly to canada,True
is america the only country with an electoral college,False
are there any animals that are self aware,True
is it normal for a 50 year old man to have wet dreams,True
does a sacrafice bunt count as an at bat,False
can we have multiple foreign keys in a table,True
is house of the rising sun about vietnam,False
is the book of deuteronomy in the new testament,False
is there such thing as a lamborghini hurricane,True
do monster energy drinks have alcohol in them,False
are £2 coins going out of circulation,False
did glenn die in the walking dead season 6,False
do they still have drive in movies in america,True
do away goals count in the europa league,True
is the pancreas part of the gastrointestinal system,True
is salt water taffy made with ocean water,False
was there really an all girl baseball league,True
does steph curry have an olympic gold medal,False
is a dui an indictable offence in canada,True
is 5 glucose the same as 5 dextrose,True
is a 38 special bigger than a 357,False
is oasis of the seas the largest cruise ship,False
do long island iced teas have tea in them,False
do owen and cristina get back together season 10,False
is there a season 5 of the killing,False
can you get held back in elementary school,True
is there a town called radiator springs on route 66,False
will there be a jurassic world fallen kingdom sequel,True
will there be a fallen 2 movie 2017,False
is inert gas and noble gas the same,True
is there a line of duty series 4,True
has australia ever been in the world cup,True
can law of sines be used on any triangle,True
can lemon juice be used as citric acid,True
is there overlap between the different organ systems in a vertebrate,True
does the commuter rail go to new hampshire,False
does everyone die in as above so below,False
is a mortgage loan originator the same as a loan officer,True
can a goalkeeper pick up a ball from a throw in,False
does california use the letter o on license plates,True
can a president choose not to run for reelection,True
is fear the walking dead based on the comics,True
is the jaws ride at universal orlando closed,False
is it normal for your second toe to be longer than your first,False
is county court the same as magistrates court,False
are the virgin islands part of the leeward islands,True
can you pick up the first card in rummy,True
is white castle only on the east coast,False
is infinity war going to be a trilogy,False
is the tv show taken still on the air,False
is fullmetal alchemist conqueror of shamballa a sequel,True
did the dust bowl happen during the great depression,True
does barney die in how i met your mother,False
are kidneys on both sides of your body,True
do the interior angles of a triangle equal 180,True
has the last book of game of thrones been written,False
is howl's moving castle based on a book,True
does elmer's glue have milk in it,False
are only commercial banks subject to​ runs,False
is there such a thing as number blindness,True
does christina yang die in season 10 episode 24,False
is there a delay of game in hockey,True
can carbon 14 dating be used to detect the age of a live animal,False
does every real number have a cube root,True
can you breed a rabbit and a cat,False
is social studies and geography the same thing,False
will there be a pirates of the carribean 6,True
was big time rush a band before the show,False
do they ever find out about charlie in gossip girl,True
is vauxhall station in zone 1 or 2,False
has brazil ever been eliminated in the group stage,False
is there such thing as a moon flower,True
does hi-c orange have caffeine in it,False
is range rover and land rover the same company,True
did hawaii used to be called the sandwich islands,True
will there be a sequel to the movie predators,True
is a timber wolf the same as a gray wolf,True
is a bachelor degree considered an undergraduate degree,True
did top gear build a bridge over the river kwai,False
was there a world war before world war 1,False
is the cat part of the chinese zodiac,False
is a sq m the same as m2,True
does need for speed have a story mode,True
can you still use old 5 euro note,False
does attack on titan have a season 2,True
are jamie lynn spears and britney spears related,True
is new york state a common law state,True
does dying light enhanced edition come with the base game,True
is dan marino in the hall of fame,True
is roller coaster tycoon world available for mac,False
can base runners advance on an infield fly rule,True
were there always 9 justices on the supreme court,False
is there a plant called lamb's ear,True
is a crossover the same as an suv,False
can a high level language use an assembler,True
can you play ds games on a ds lite,True
was the food drug and cosmetic act successful,True
did france declare war on germany in ww2,True
is the heart apart of the muscular system,True
has any major league baseball team gone undefeated,False
is there a difference between a baritone and euphonium,True
can xbox 360 games be played on xbox1,True
is there an air force base in anchorage alaska,True
is the strangers prey at night a remake,False
did izzie stevens die on grey's anatomy,False
was the song footloose written for the movie,True
did articles of confederation have an executive branch,False
are there any sam's clubs in canada,False
is there a town under caesar's creek,True
can you put any engine in any car,False
is discretionary income the same as disposable income,False
is there an english translation of the torah,True
is a dachshund the same as a sausage dog,True
is there a season 2 of case histories,True
has scotland ever qualified for the world cup,True
can you seek asylum from your home country,True
is 1 a prime factor of every number,False
is a sacrifice fly count as an at bat,False
is there a gulf stream in the pacific,False
is the movie vertical limit a true story,False
is there a main group element in period 6,False
is there a bart station in antioch ca,True
is canada and australia part of the uk,False
is turkey a member of the european economic area,False
is sex and the city filmed in new york,True
has croatia ever placed in the world cup,True
was chariots of fire based on a true story,True
is home bargains the same as quality save,False
is puerto rico subject to us federal law,True
is a deed in lieu considered a foreclosure,False
is there a sequel to the journey to the mysterious island,False
is ellis island connected to the statue of liberty,True
does the mississippi river flow into the pacific ocean,False
does the drinking age vary from state to state,False
can a standard deviation be greater than 1,True
is the certificate of incorporation the same as the articles of incorporation,True
has there ever been a tie in baseball,True
are bank holidays and public holidays the same,False
is canada still part of the british monarchy,True
did the queen of england marry her cousin,True
was the battle of the alamo part of the mexican american war,False
do the great lakes connect to the ocean,True
are the jungle and rainforest the same thing,False
does a flower have male and female parts,True
is net earnings and net income the same,True
is for a few dollars more a sequel,True
can you drink in the street in russia,False
does cheddar cheese have to be made in cheddar,False
does a point guard have to be tall,False
is solo part of the star wars franchise,True
is there such a thing as a munchkin cat,True
do foreign dignitaries stay at the white house,True
is it illegal to warn drivers of a speed trap,False
can glucogenic amino acids be used to make glucose,True
does a flask count as an open container,True
is there a bone in your ear lobe,False
are the lofoten islands in the arctic circle,True
is the black sea connected to the mediterranean,True
is patagonia a country in its own right,False
is a cocoa bean the same as a coffee bean,False
are there nerves in the central nervous system,True
is there a new pirates of the caribbean movie coming,True
is the united states qualified for the world cup,False
is google drive the same as google docs,False
does steph curry have a brother that plays basketball,True
does npv account for time value of money,True
are electric charges carried by particles of matter,True
is a particle the same as a molecule,False
does aslan come back to life in narnia,True
is all i wanna do based on a true story,True
is the depth of the water table always the same,False
is the prefrontal cortex part of the frontal lobe,True
is the view and the talk the same show,False
can you give yourself an assist in basketball,False
can a nhl playoff game end in a tie,False
is there such thing as a 4 way switch,True
is a jet engine an external combustion engine,False
are italy in the 2018 world cup finals,False
do they make a new champions league trophy every year,False
is frozen ski movie based on a true story,False
did greg oden win a championship with miami,False
is the first wives club based on a true story,False
can a database contain more than one table,True
can you get into canada with just a drivers license,False
is talc and talcum powder the same thing,True
can you buy alcohol on a holiday in indiana,True
is the movie set it off a true story,False
is san juan puerto rico in the caribbean,True
are there alligators in north or south carolina,True
is song of songs in the old testament,True
is ucl and university of london the same,False
does a quarter pounder weight a quarter pound,False
do you need a gun license to shoot,False
do green anacondas live in the amazon rainforest,True
are there still grammar schools in the uk,True
can you own an assault rifle in massachusetts,False
are the eggs you buy in the store pasteurized,True
is tissue composed of one type of cell,False
does tara die in sons of anarchy season 4,False
does german potato salad have eggs in it,False
is the postmaster general appointed by the president,False
does a fennec fox live in the desert,True
is the outcasts based on a true story,False
will there be more episodes of endeavour morse,True
does the main character in 12 strong die,False
can you be born with an extra y chromosome,True
does the wii u have a sleep mode,True
are tom riddle and voldemort the same person,True
do you have to pay for tvnz on demand,False
is equity in your home a liquid asset,False
can the xbox one play xbox 360 discs,False
is an associates degree considered a college degree,True
is a lungo the same as an americano,False
do xbox original games work on xbox one,True
is all of europe on the same time zone,False
can a neurotransmitter be both excitatory and inhibitory,False
is an american bully the same as an american bulldog,False
do you need an amplifier for powered speakers,False
is the movie get rich or die tryin based on 50 cent's life,True
is single research design suitable in all research studies,False
is navient and sallie mae the same company,False
is there a opening ceremony for world cup,True
is a grade d at a level a pass,True
is sodium lactate the same as lactic acid,False
are there any tim hortons in the us,True
can a player be offsides on a throw in,False
does rachel die in hawaii 5-0,False
can you promote a pawn to a pawn,False
is olympus has fallen and london has fallen related,True
can fusion be used as an energy source,True
is a meter stick the same as a yardstick,False
is there a zoo in las vegas nevada,True
are all the songs in mama mia here we go again by abba,True
is chicago fire filmed in a real firehouse,False
is there a new peanuts movie coming out,False
is the nobel peace prize awarded every year,True
is the dominican republic considered part of the united states,False
is the university of st thomas a non profit,True
is a stem and leaf plot a graph,True
is mt fuji the tallest mountain in the world,False
has anyone ever died doing the tour de france,False
is the movie roman j israel based on a true story,False
are all world cup matches played in russia,False
is railroad retirement the same as social security,False
are norway sweden and finland part of europe,True
is soy sauce and worcestershire sauce the same thing,False
are the transmission and engine the same thing,False
is there a new child's play movie coming out,True
does the prime minister actually live at number 10,True
is there such thing as unsweetened condensed milk,True
is july 27 lunar eclipse visible in usa,False
can a baseball player catch a ball in the stands,False
are there any nuclear power plants in michigan,True
is a girdle the same as a corset,False
can you play games from xbox 360 on xbox one,True
has an nhl team ever come back from 3-0,True
is i 30 in dallas a toll road,False
are all spark plugs the same size socket,False
is australia part of the ring of fire,False
is joint tenancy the same as joint tenancy with right of survivorship,True
is the world cup in soccer every year,False
is log x the same as ln x,False
was there a book that predicted the titanic,True
are england the only country to change their clocks,False
is there something at the end of deadpool two,True
was the iphone the first touch screen phone,False
does uncle ben ever come back to life,False
does the winner of the world cup host it next time,False
is the ford fusion and mazda 6 the same car,False
is there more than one national treasure movie,True
do the white sox and cubs share a stadium,False
does speed racer ever find out racer x is his brother,True
is lake george a man-made lake,False
does a sim free phone lock to a network,False
will there be a new total drama series,True
does rachel and ross get together in the end,True
are all the royal families of europe related,True
can anyone take the bar exam in canada,False
can you buy beer on easter sunday in kansas,False
is married at first sight still on tv,True
has mexico ever beat germany in the world cup,True
can i perform a copyrighted song in public,False
is father's day the same day all over the world,False
was the steam engine invented during the renaissance,False
can you have citizenship in more than one country,True
are residents of the us virgin islands american citizens,True
is the scream show based on the movie,True
is boss baby back in business on netflix,True
will there be season 9 of desperate housewives,False
is the first round of the nba playoffs a 5 game series,False
does gram positive have a thick cell wall,True
was designated survivor filmed in the white house,False
do they bleach rice to make it white,False
is the washington post a reputable news source,True
does robert's rules of order allow proxy voting,False
is there a season 5 in the 100,True
is the esophagus in front of the heart,False
are quantum mechanics and quantum physics the same,True
is in the time of the butterflies a true story,True
has anyone won two oscars in one night,True
are there any major water concerns for australia,True
do corporations have the same free speech rights as persons,True
does the baseball all star game determine home field advantage,False
can a return address be a po box,True
is it illegal to have a crossbow in uk,False
is an ember in the ashes a trilogy,True
are discouraged workers part of the unemployment rate,False
can you feel pain from a broken heart,True
did the first iphone have a front camera,False
is an undergraduate degree the same as a bachelor's degree,True
is end point the same as equivalence point,False
do church of england make the sign of the cross,True
is the book of life a pixar movie,False
is input lag and response time the same thing,False
are they going to make another jurassic world movie,True
has a keeper ever won the ballon d'or,True
can picking your nose affect your sense of smell,False
does a deed of trust have to have a trustee,True
was blow me away made for halo 2,True
is kinetic energy conserved in perfectly inelastic collisions,False
is there a third season of good morning call,False
can the texas flag fly at the same height as the us flag,True
is there a new x-men movie coming out,True
is the wonderful wizard of oz a fairy tale,True
is response time the same as input lag,False
is atmospheric pressure always equal to 1 atm,False
was the declaration of independence written during the second continental congress,True
is iron (iii) sulfate soluble in water,True
will there be a season 2 of 11-22-63,False
is a pterodactyl the same as a pteranodon,False
is queso fresco and queso blanco the same,False
are domestic and feral cats native to australia,False
is great america the same as six flags,False
has the us ever won a world cup in soccer,False
is the great wall of china all around china,False
is st george's chapel in westminster abbey,False
can cars go on the staten island ferry,True
did belgium used to be part of france,True
does the magnitude of a physical quantity change with the change in the system of units,False
is fantastic beasts and where to find them a book,True
is free market and market economy the same,False
is there spongy bone in the medullary cavity,True
is directv and dish network owned by the same company,False
did anne of green gables house burn down,False
is delhi university and university of delhi same,True
is the venus fly trap the only carnivorous plant,False
is it necessary that there is a cause before an effect,True
are the sea and the ocean the same thing,True
is there a sequel to the avengers infinity war,True
does the us air force have a special forces,True
was there a military draft in world war 2,True
has there ever been a triple crown winner,True
is a woodchuck and a ground hog the same thing,True
is nba playoffs 2-3-2,False
do away goals count in the league playoffs,True
did india qualify for football world cup 2018,False
can a local maximum also be an absolute maximum,True
does the governor die on the walking dead,False
is there a sequal to avengers infinity war,True
has anyone been awarded 2 medals of honor,True
have chelsea always been in the premier league,True
is saigon cinnamon the same as ceylon cinnamon,False
are flying fish fish that can actually fly,False
is back to the future a science fiction movie,True
was the tower of london a royal residence,True
are treaties the supreme law of the land,True
has anyone ever been awarded two medal of honors,True
is the supreme court the highest court in the land,True
does a two dollar bill have any value,True
does the us mint make 1000 dollar bills,False
is 8.5 x 11 the same as a4,False
is black ops 3 related to black ops 2,True
is there a trophy for the triple crown,True
are they making a season 3 of life unexpected,False
is there a dam on the missouri river,True
is there a movie after meet the fockers,True
is eastern standard time the same as atlantic standard time,False
is there such thing as a phobia of vomit,True
is the czech republic and czechoslovakia the same thing,False
is the university of michigan a public school,True
is princeton theological seminary part of princeton university,True
does mlb all star game determines home field,True
is the sort code the same for everyone,False
is a 10 year old still a child,True
can you play all ps3 games on vita,False
is a place to call home finished for good,False
is psalm 119 the longest chapter of the bible,True
do gram negative bacteria have a cell wall,True
do european countries still have their own currency,True
do you use chemicals in a salt water pool,True
is the bald eagle the biggest bird in the world,False
is the tortoise and the hare a fairy tale,False
can you land a seaplane in the ocean,True
can you marry more than one person in uk,False
is there such a thing as x ray glasses,False
have any horses died at the kentucky derby,True
are pinot noir and pinot gris the same grape,False
were any civil war battles fought in florida,True
is the milky way in a galaxy cluster,True
is the united states part of the eu,False
will there be another chucky movie after cult of chucky,True
can i have multiple foreign keys in a table,True
is tanjore a traditional indian folk art form,True
was a scythe ever used as a weapon,True
are there any montgomery ward stores still open,False
are trinidad and tobago in the world cup 2018,False
do you have to pass the bar to be an attorney,True
is it required to say check in chess,False
is a joule the same as a watt,False
can i get $1 000 bill from the bank,False
is rise of the tomb raider set after tomb raider,True
is it legal to drink with parents in wisconsin,True
is the leaning tower of pizza in rome,False
are babies in the womb covered in hair,True
are roasted red peppers and pimentos the same,False
is garfield a real cat in the movie,False
is it illegal to sell e cigs to minors,True
is the london marathon the largest in the world,False
is the young and the restless going off the air,False
does a will have to be a legal document,True
can u be offside from a goal kick,False
is the iliac crest part of the hip,True
is northern ireland the same as republic of ireland,False
is the greatest show on earth a musical,True
is the hunchback of notre dame real story,False
is a payday lender a type of bank,False
is fear the walking dead different than the walking dead,True
does the amazon river run through the amazon rainforest,True
is there any more hunger games coming out,False
is a passphrase the same as a password,False
is body of proof still on the air,False
did west virginia used to be part of virginia,True
is there a second season of this is us,True
is the caribbean sea a part of the atlantic ocean,True
is the empty set an element of the set containing the empty set,False
is the movie burlesque based on a true story,False
is national insurance number the same as tax identification number,False
does it cost money to join the playstation network,False
is snake eyes and storm shadow the same person,False
are there any flights where smoking is allowed,False
do all bacteria have peptidoglycan in their cell walls,False
is all of australia in the same time zone,False
does call of duty black ops 3 have zombies,True
is the tale of despereaux a disney movie,False
is it illegal to do fireworks in iowa,False
is the titanic still the biggest ship ever built,False
does the table of contents get a page number,True
is a power adapter the same as a charger,False
is a nissan frontier a 1/2 ton truck,False
will there be a 2nd series of station 19,True
is calcium chloride the same as calcium carbonate,False
is garrison from the ranch a real place,False
does every name in iceland end in son,False
is there a bank of america in north carolina,True
has a country won the world cup at home,True
is the tv show the outsiders coming back,False
was the lord of the rings originally one book,False
is the national anthem and the star spangled banner the same thing,True
is relative permittivity the same as dielectric constant,True
is its a wonderful life a christmas movie,True
did scotland win the world cup in 1978,False
can you cut a diamond into a different shape,True
does winning the fa cup qualify for europe,True
will there be a second series of riviera,True
did andy's mom die in child's play,False
do you need a tv license in uk,True
does a phd give you the title dr,True
has a female director ever won an oscar,True
is the eiffel tower the tallest structure in the world,False
does the foreword go before the table of contents,False
has anything been brought up from the titanic,True
is hd dvd the same as blu ray,False
is greece still in the world cup 2018,False
was guerrilla warfare used in the civil war,True
is an architectural designer the same as an architect,False
is there a new season of hart of dixie,False
would drug tolerance be caused by upregulation and downregulation,True
does every set of traffic lights have cameras,False
can a company be listed in different countries,True
is income support the same as housing benefit,False
does everyone do their own singing in mamma mia,True
can you choose who is your next of kin,False
can you move a queen like a knight,False
can non violent felons own guns in indiana,False
is this the final season of walking dead tv show,False
is there such thing as a solar powered car,True
did tom hardy won an oscar for the revenant,False
is high maltose corn syrup the same as high fructose,False
is black cumin seed same as black seed,False
did an american in paris win an oscar,True
are sperm whales on the endangered species list,False
is han alive in fast and furious 7,False
is cabin in the woods a horror movie,True
is a brother in law considered a relative,True
does the ipad pro come with the apple pencil,True
can you get on the internet with a playstation 2,False
are home hardware and home depot the same,False
is call of duty world at war based on world war 1,False
did spain win the world cup in 2010,True
is dragon ball gt after dragon ball z,True
are greenwich village and the west village the same,False
is father's day celebrated in the netherlands,True
is the film 633 squadron based on a true story,False
does windows include a restore utility which is used to restore your backup,True
are diary of a wimpy kid books graphic novels,False
is a lightning bug the same as a firefly,True
is scottish law the same as english law,False
is nacho from better call saul in breaking bad,False
is the ballroom at the top of the blackpool tower,False
is there a real baker street in london,True
can an african nation win the world cup,True
is it possible to win chess with only a king,False
can you travel within the eu with an id card,True
can you travel internationally with a passport card,False
is zendaya in spider man far from home,True
is saigon cinnamon the same as regular cinnamon,False
did estonia used to be part of russia,True
was everything everything based on a true story,False
do in n out burgers come with pickles,False
do you have to call the pocket in 9 ball,False
did a helicopter crash in the perfect storm,True
do jj and reid date in criminal minds,False
has a team ever won back to back super bowls,True
is there an insect called a walking stick,True
did the yankees win the world series in 2001,False
did the cincinnati bengals ever win a superbowl,False
is there a movie after i am number 4,False
is the us 2 dollar bill still in circulation,True
will one tree hill return for season 10,False
have the lakers ever had a 3 peat,True
is there going to be a sequel to the death cure,False
is a bumble bee and a honey bee the same,False
can u get held back in 8th grade,True
is soy sauce and worcester sauce the same,False
is there an in and out burger in maryland,False
has canada ever competed in the world cup,True
is california still part of the united states,True
was good times a spin off of the jeffersons,False
is demi moore in the movie wild oats,True
do red slider turtles lay eggs in water,False
were all 4 ghostbusters in the new movie,False
is the dark knight a sequel to batman begins,True
is port louis mauritius in the atlantic or pacific ocean,False
is there such thing as a no carb diet,True
are homologous chromosomes present in both mitosis and meiosis,True
has serbia ever won the fifa world cup,False
is a savannah cat the same as a bengal,False
did the emancipation proclamation apply to all states,False
is i cant believe its not butter margarine,False
is the electron transport chain and oxidative phosphorylation the same thing,False
does the a train go to penn station,True
is the new god of war 2 players,False
are swift codes and bsb numbers the same,False
has india won a gold medal in olympics,True
is there such thing as a blue ruby,False
is the republic of ireland in the uk,False
was there a sequel to the movie prometheus,True
is there any nuclear power plants in canada,True
did england beat belgium in the world cup,False
is displacement current like conduction current a source of magnetic field,True
is wont you be my neighbor a documentary,True
are the ford ka and fiat 500 the same,False
is the show nashville based on a true story,False
would you expect motor units to vary in size,True
did poland qualify for the world cup 2018,True
is a master of fine arts a terminal degree,True
does smackdown vs raw 2008 have gm mode,True
has indian ever made it to the world cup,True
can a police officer carry in any state,True
do you have to pay to watch the itv hub,False
is g major and e minor the same,False
is a nissan pathfinder a full size suv,False
does a spark plug need to be grounded,True
is astro turf the same as artificial grass,True
is there a third clash of the titans,False
did lonnie die on days of our lives,False
is contemporary dance the same as modern dance,False
is avicii the guy in the nights video,False
are clary and jace really brother and sister,False
do they find kate in a child in time,False
will being flat footed keep you out of the military,False
is atmospheric pressure the same as air pressure,True
can a federal law override a state law,True
is a crawfish and a crawdad the same thing,True
do all xbox 360 games work on xbox 1,False
is gdp per capita same as per capita income,False
is a groundhog and a woodchuck the same thing,True
is coast guard part of the armed forces,True
has any team won 3 championships in a row,True
can the time value of an option be negative,False
does all life require the same essential elements,True
did mexico made it to the world cup,True
do they still make new family guy episodes,True
are maleficent and the evil queen the same,False
is diary of a wimpy kid considered a graphic novel,False
is turpentine and white spirit the same thing,False
is it possible for someone to die of laughter,True
is flight of the phoenix based on a true story,False
is home depot and lowes the same company,False
is there a sequel to wrinkle in time,True
is there a story to magic the gathering,True
is the home insurance building still standing in chicago,False
are there dolphins in the north atlantic ocean,True
is the book of jasher in the bible,False
is all of europe in the same time zone,False
does the queen stay at st james palace,False
will there be a 5th season of the killing,False
does lynette's family die in the tornado,False
is there a wells fargo in new york,True
is bradley cooper a star is born a remake,True
is there a run rule in ncaa softball,True
is the little house on the prairie fiction,False
is fantastic beasts movie based on a book,True
do bees and hornets have the same venom,False
is the shooter tv show the same as the movie,False
is the moose a member of the deer family,True
are there other kinds of ketchup besides tomato,True
do caroline and stefan date in vampire diaries,True
is it illegal to flash your headlights to warn of police in virginia,False
is the outsiders movie based on a true story,False
is keeping up with the kardashians a reality show,True
is a nissan frontier a half ton truck,False
can you play gameboy games on a ds lite,True
can you mail something with no return address,True
did the washington post go public in 1971,True
can a post dated cheque be cashed early in india,False
does a flagrant foul count as a personal foul,True
is there such a thing as a cell phone jammer,True
is willy wonka and the chocolate factory a musical,True
can a batsman be run out on a no ball,False
is it illegal to drive with no sleep,False
is it true to say that the torrens system only recognizes registered interests in land,True
is data visualization a part of data science,True
is any part of lake michigan in canada,False
is it possible to have a triangle with two obtuse angles,False
is the sea snake the most venomous snake,False
are there any nuclear power plants being built in the us,True
is there a bird called a rain crow,True
has israel ever qualified for the world cup,True
can a node in a tree have two parents,False
can i have a beard in the military,False
is it possible to run a mile in 2 minutes,False
does all of the us do daylight savings,False
is land tax the same as property tax,False
can a wild card team have home field advantage in mlb playoffs,False
can an infinite geometric series have a sum,True
has there ever been an earthquake in tennessee,True
was harry potter inspired by lord of the rings,False
does the antagonist always have to be a person,False
is a web server an example of a host,True
is national human rights commission a constitutional body,True
are el dorado and rio bravo the same movie,False
is five guys only on the east coast,False
is syria a member of the united nations,True
is the isle of man part of the uk,True
is a prince the same as a duke,False
did bart millard sing in movie i can only imagine,True
can a child born in canada get citizenship,True
does marion die in raiders of the lost ark,False
is lac leman the same as lake geneva,True
is the october revolution the same as the bolshevik revolution,True
are any cruise ships registered in the us,True
has usa ever played in the world cup,True
is the open door policy still used today,False
is the eye of a hurricane low pressure,True
has any team ever swept the stanley cup final,True
is a doctor of physical therapy an md,False
does the fibula form part of the knee joint,False
is penn and teller fool us still on,True
is a catbird the same as a mockingbird,False
is the strip in the city of las vegas,False
did the actor who played gandalf play dumbledore,False
is it normal for my second toe to be longer,False
are celery and rhubarb from the same family,False
do they still make $2 bills in 2018,True
do you need a license for airsoft guns uk,False
will there be season 2 of cobra kia,True
is there a 4th film in divergent series,False
is the bank of england a private company,False
is cape fear based on a true story,False
can quartz cuvette be used in visible range,True
does the t distribution have a standard deviation of 1,False
is the scottish £1 note still legal tender,True
is iphone se and iphone 5 the same,False
is new york a city in new york,True
is there a season four of red rock,False
are there more movies after i am number four,False
did blake shelton wrote mine would be you,False
is elmer's glue all a pva glue,True
are bensons and harvey's the same company,False
is there going to be a sequel to wrath of the titans,False
is social studies and social science the same,False
are the inside of your cheeks called gums,False
does the sea of galilee have salt water,False
is fathers day the first sunday in september,False
is we bought a zoo based on a real story,True
can an induction motor work as a generator,True
is there a book for harry potter and the cursed child,True
does the queen bee die after she stings,False
are natural gas and oil the same thing,False
is a new nba trophy made every year,True
is there a grey's anatomy season 14,True
is a shear wall a load bearing wall,True
has south africa qualified for the world cup,True
can a horse win the kentucky derby twice,False
is the turbulent water created by breaking waves,True
is cape lookout part of the outer banks,True
does every state have a good samaritan law,True
was highway to the danger zone written for top gun,True
are the channel isles part of great britain,False
are all members of the four seasons still alive,False
does it always rain when there's lightning,False
was san luis rey de francia always a mission,False
do the chargers still play in san diego,False
will there be a new how to train your dragon series,False
is mineral oil the same as hydraulic oil,False
is elderflower cordial the same as elderflower syrup,False
is abu dhabi and dubai the same place,False
does the us follow the universal declaration of human rights,False
has anyone ever won the million on millionaire,True
is roman j israel movie based on a true story,False
can a soft material scratch a hard material,False
is a way out a single player game,False
is there a new season of once upon a time,False
do they have mother's day in other countries,True
is there a spin off from breaking bad,True
have the phoenix suns ever won a championship,False
is english the official language of south africa,False
does 3rd place in the world cup get a medal,True
does indiana jones play a role in raiders,True
has cleveland ever beat golden state in the finals,True
is there a season 14 of grey's anatomy,True
is soul surfer based on a true story,True
is sri lanka a neighbouring country of india,True
has anyone ever won a million on who wants to be a millionaire,True
is english an official language of new zealand,True
does mr darcy die in pride and prejudice and zombies,False
is 7.62 nato the same as 308 win,False
is tartar sauce and cream of tartar the same,False
is the world cup trophy new every time,False
does it have to rain to have lightning,False
are chickpeas and garbonzo beans the same thing,True
is there ball in hand in 8 ball,True
do jackson and april get back together after divorce,False
is gdp per capita the same as average income,False
do you capitalize elements of the periodic table,False
is the tv show riverdale based on the archie comics,True
is rocky balboa in the boxing hall of fame,True
is the leaning tower of pisa in rome,False
is there really a gotham city in new york,False
is troy fall of a city on netflix,True
is verizon and verizon wireless the same company,True
are wolf spiders and grass spiders the same thing,False
can you castle after being checked in chess,False
is an australian cattle dog the same as a blue heeler,True
were the balkans part of the ottoman empire,True
do they find the child in gone baby gone,True
was how i met your mother filmed in new york,False
is it mandatory to sign up for selective service,True
is .380 auto the same as .380 acp,True
is there only 1 season of the terror,False
is the frankenstein chronicles based on a true story,False
does the sun rise in the west in the northern hemisphere,False
is ez pass the same as ez tag,False
is there wheel of fortune in other countries,True
is the movie the shape of water based on a book,False
has a number 16 seed ever beat a number 1 seed in the ncaa,True
are research and scientific method related to one another,True
is a t bone steak the same as a porterhouse,False
were the us and soviet union allies in the cold war,False
is adjusted gross income the same as taxable income,False
is it possible to make an emulsion with water ethanol and an emulsifier,True
can i use a net10 card on a tracfone,False
is internal energy the same as potential energy,False
can there be a tornado in new york,True
is it possible for a person to have two different colored eyes,True
does a batter get an rbi on a fielder's choice,True
are a23 batteries the same as n batteries,False
did george rr martin write the rains of castamere,True
does scotland have the same bank holidays as england,False
does panic at the disco have an opening act,True
does learner's permit count as driver's license,False
will there be a season 4 of total bellas,True
is the ar-10 an assault rifle,False
does the carrie diaries have a season 3,False
is scotland a country in its own right,True
does the lego hobbit game have all 3 movies,False
is the mackinac bridge the longest suspension bridge in the world,False
is the better business bureau part of the government,False
are they making more episodes of bob's burgers,True
is lord of the rings a book series,True
is iron man part of the justice league,False
is raging bull based on a true story,True
does the white house residence have a kitchen,True
was looking for mr goodbar based on a true story,True
do you need your own gun to go to a shooting range,False
does jackson avery die on grey's anatomy,False
can you be an attorney without taking the bar exam,False
is anzac day and remembrance day the same,False
is there a third season of better call saul,True
is the cecum part of the large intestine,True
is encino in the city of los angeles,True
is the plaza hotel in nyc still open,True
can you take a picture of anyone in public uk,True
is 9 to 5 a 40 hour week,True
will there be a season 5 of skam,False
didn't coldwater creek go out of business,False
are walgreens and rite aid owned by the same company,False
is there a film about the chilean miners,True
do the saints run a 3 4 defense,False
are liquor stores open on july 4th oklahoma,False
is hydronium ion and hydrogen ion the same,False
are chestnuts and water chestnuts the same thing,False
is there such thing as a meat allergy,True
is season 2 of the last kingdom on netflix,True
do superman and lois lane end up together,True
is the gut the same as the stomach,True
were betty and jughead together in the comics,False
has there ever been a tsunami in the maldives,True
does the e train run on weekends nyc,True
do you get a background check at a gun show,False
are a meter and a yard the same length,False
can you go out on the first round of phase 10,True
can you get to the mississippi river from the great lakes,True
are seagate and western digital the same company,False
does the sister die in the lovely bones,False
is there a way one can grow more crops from the same land,True
is an echocardiogram the same as a sonogram,True
are all members of peter paul and mary still alive,False
is the movie get out based on a book,False
has anyone ever ran a 4 minute mile,True
do u need a gun license to go to a shooting range,False
did civil war come out before age of ultron,False
has sweden ever been in a world cup final,False
is prince of tides based on a true story,False
did peyton manning ever play eli manning in the super bowl,False
is there a full version of birthday cake by rihanna,True
is the movie daddy little girl a true story,False
does the jeep compass come in a 6 cylinder,False
can you be born with two different coloured eyes,True
does washington dc have their own license plate,True
is there always a stinger in a bee sting,False
has anyone ever won the american ninja warrior,True
is there a season 8 of once apon a time,False
is the language the same in north and south korea,False
does trevor die in the fundamentals of caring,False
did king louie die in the jungle book 2016,False
is the san pedro cactus illegal in the us,False
is the last of us a ps4 exclusive,False
is little red riding hood a grimm fairytale,True
is the tv show ascension based on a book,False
is there a season two of the messengers,False
is the derivative of a continuous function always continuous,False
is cod liver oil from a cod's liver,True
is it possible to have thunder without rain,True
are nucleotides the building blocks of dna and rna,True
has any team ever won back to back super bowls,True
is the county court business centre a real court,False
do you fight any gods in god of war,True
are there red back spiders in the uk,True
does the us constitution allow states to secede,False
is there goal line technology in the world cup,True
is scottish gaelic and irish gaelic the same,False
is contempt of court a criminal offence in canada,True
can a dog be mixed with 3 breeds,True
is spider man turn off the dark still playing,False
do sean and alex get together on nikita,False
do all xbox 360 games work on xbox one x,False
does the united states have a fixed exchange rate,False
was the song footloose made for the movie,True
has the tampa bay lightning ever won a stanley cup,True
can the human body directly absorb animal protein,False
is property tax the same as council tax,False
is red dead revolver related to red dead redemption,True
is randy savage in the hall of fame,True
is super better than perfect in just dance,False
are leeks in the same family as onions,True
did the great depression affect the whole world,True
do commercial aircraft fly over the north pole,False
does every school in the uk wear uniforms,False
is a grouse the same as a partridge,False
is the palace of versailles open to the public,True
are peppers and tomatoes in the same family,True
are kansas city ks and kansas city mo the same city,False
is jurassic world the sequel to jurassic park,True
can the word actor be used for females,True
is there such a thing as spring fever,True
does a .org have to be a non profit,False
does roman-dutch law still apply to south african law,True
was child's play 3 banned in uk,False
do you have to use all the numbers on countdown,False
can you own a pet skunk in canada,True
is there an alternative ending to how i met your mother,True
is commercial law and corporate law the same,False
is there a second movie to golden compass,False
is it possible to run for 24 hours,True
are ground beef and minced beef the same,True
is the show the magicians based on a book,True
does a cow produce milk all the time,False
are ritz carlton and four seasons the same company,False
can electrons travel at the speed of light,False
is there a sequel to the percy jackson series,True
is new york and new jersey the same state,False
is the dominican republic a part of mexico,False
was there a sequel to the golden compass movie,False
does a square have to have right angles,True
is selection sort more efficient than insertion sort,False
are back ribs same as baby back ribs,True
is there a season 5 of the tudors,False
does marley die in a little bit of heaven,True
does canada have a men's national soccer team,True
could you buy your council house before 1979,False
is the tour de france different every year,True
is there work done in an adiabatic process,True
does the dulles toll road take credit cards,True
is we bought a zoo a true story,True
is mickey and minnie's house still in magic kingdom,False
is there a fourth season of doctor doctor,False
will the milky way collide with another galaxy,True
are cruel intentions 1 and 2 the same,False
can we travel to ireland with schengen visa,False
are rats and mice from the same family,True
is the sears tower still the tallest building,False
is hydraulic lime and hydrated lime the same,False
can you marry more than one person in the us,False
is season 5 the last season of agents of shield,False
is here comes the sun a beatles song,True
is the prostate part of the endocrine system,False
is a no insurance ticket a moving violation,False
is transit number the same as institution number,False
is palm kernel oil the same as coconut oil,False
is the kentucky derby always on may 5th,False
are there internet cables under the atlantic ocean,True
is windows subsystem for linux a virtual machine,False
will there be a 3rd season of the paradise,False
can a compound be an acid and a base,True
is pulp fiction based on a true story,False
can you draw from the discard pile in rummy,True
are there any living survivors from world war 1,False
does every country have their own sign language,False
is it illegal to flash your headlights to warn of police uk,False
is fargo tv show based on a true story,False
do you have to go into the military if you go to the citadel,False
are honey bees and bumble bees the same,False
is a lion part of the dog family,False
can ipad mini 1st generation get ios 10,False
is the girl who leapt through time studio ghibli,False
is ross dress for less a thrift store,False
is a flash drive the same as a usb stick,True
does angel food cake have eggs in it,True
are sweet peppers and bell peppers the same,True
will there be a 6th season of hell on wheels,False
is timor leste and east timor the same,True
is the monorail at disney a maglev train,False
has there ever been a recess appointment to the supreme court,True
is washington dc a part of any state,False
is a kcal the same as a calorie,True
was bennie and the jets a real band,False
is a midsummer night's dream a comedy,True
can i have dual citizenship in us and czech republic,True
has anyone ever won the wsop main event twice,True
is sunflower oil a type of vegetable oil,True
is rosso vermouth the same as sweet vermouth,False
is there a dawn of the dead 2,False
does steph curry have a brother in the nba,True
is the movie sling blade a true story,False
is there a train station at oslo airport,True
does a conditional discharge mean a criminal record,False
was the united states in the world cup this year,False
is the movie the kissing booth on netflix,True
is jamaica considered part of the united states,False
is there a such thing as a liger,True
is aloe barbadensis the same as aloe vera,True
is isle of man in the channel islands,False
is a midsize car bigger than a full size,False
is a football field equal to an acre,False
is there a direct link between economic development and social development,True
is a chipmunk the same as a ground squirrel,False
is bachelor of laws the same as llb,True
is it possible for a zebra and a horse to interbreed,True
is there a difference between chicken tikka and chicken tikka masala,True
is there a second season of your lie in april,False
do front turn signals have to be amber,True
have the oakland athletics won a world series,True
will there be new episodes of black mirror,True
did the broncos beat the seahawks in the super bowl,False
does the winner of the british open get to keep the jug,False
will there be a new ed edd n eddy,False
is me to we a non profit organization,False
do house and cuddy get back together in season 8,False
are corn chips and tortilla chips the same,False
is a boarding pass and ticket the same thing,False
has germany ever won the eurovision song contest,True
has a club pro ever won the pga,True
is there a relationship between our latitude position and high diversity of life form in the country,True
do all teachers have to take the rica,False
does bourbon have to be made in bourbon county,False
are you in the navy if you go to the naval academy,True
can you make clothes out of spider silk,True
are honey bees the same as bumble bees,False
are liquor stores in oklahoma open on 4th of july,False
is a memory card the same as a flash drive,False
can pool water change color if you pee in it,False
is davao city the biggest city in the whole world,False
does the batter have to move out of the way of a pitch,True
can an mlb game end in a tie,False
do away goals count in the league 2 playoffs,False
does the chevy cobalt ss come in automatic,True
is fixed cost the same as total cost,False
is there season 3 witches of east end,False
can a third party beneficiary sue for breach of contract,True
was romania part of the austro hungarian empire,True
is spain all in the same time zone,False
is a group of cats known as a clowder,True
is boiling point a characteristic property of matter,True
has kermit the frog been on sesame street,True
is myofibril another name for a muscle fiber,True
is there a camera on all traffic lights,False
does the girl in don take the girl die,False
is time warner and time warner cable the same company,False
is the canadian dollar worth more than usd,False
is the iphone se before the iphone 6,False
was whiskey galore based on a true story,True
does the hockey puck have to cross the line to be a goal,True
will there be a season 5 of shadowhunters,False
is elder scrolls online the same as skyrim,False
can you use oyster card at epsom station,False
is the federal court the same as the supreme court,False
is a wolverine the same as a badger,False
will there be a green lantern 2 movie,False
does the icc has jurisdiction in the united states,False
calcium carbide cac2 is the raw material for the production of acetylene,True
is there a now you see me 3 coming out,True
does a penalty shoot out goal count towards the golden boot,False
will there be a new season of cutthroat kitchen,False
is jack sikma in the hall of fame,True
the boy in the plastic bubble based on true story,True
science begins with the premise that knowledge should first be acquired through observation,True
can you drink alcohol in public in denmark,True
have the milwaukee bucks ever won a championship,True
does the world cup final go to penalties,True
is croatia part of the european economic area,True
is the movie fool's gold a true story,False
do you always have to say check in chess,False
is an australian shepherd the same as an australian cattle dog,False
is tomato puree and tomato sauce the same thing,False
is the blues brothers based on a true story,False
is newcastle upon tyne the same as newcastle,True
is post office and royal mail the same,False
is the fallen movie going to have a sequel,False
does anyone on instagram have 1 billion followers,False
is lord of the rings considered an epic,True
can stainless steel be used on induction cooktop,True
is sanskrit the first language of the world,False
is a jack russell considered a small breed,True
is there an international airport in naples italy,True
can you buy cadburys creme eggs all year round,False
do homologous chromosomes carry information for the same traits,True
has michigan ever won a national championship in football,True
you can tell a lot about a person by how they treat their waiter,True
does any other country have daylight savings time,True
has anyone ever pitched back to back no hitters,True
is there a black bike week in myrtle beach,True
are static shock and black lightning the same person,False
is it illegal to carry a pistol in your car in texas,False
is it legal to carry a sgian dubh,True
is the sears tower the same as the hancock building,False
is tokyo ghoul re related to tokyo ghoul,True
do texas state troopers have to wear hats,True
is wheat flour and white flour the same thing,False
did the english win the hundred years war,False
is station 19 a grey's anatomy spin off,True
are tomatoes a member of the nightshade family,True
is dollar tree the same as dollar general,False
does the cat in the hat have a name,False
the movie rudy based on a true story,True
is the movie the wall a true story,False
the former soviet union broke into separate states,True
is a denatured protein still able to function,False
are the marines part of the us navy,True
can you have two jobs in south africa,True
does oregon have the stand your ground law,False
has tom hanks ever won an academy award,True
is jim hart in the hall of fame,True
are chess pie and buttermilk pie the same,False
is there going to be a season 4 of the border,False
do new zealand and australia have the same flag,False
did austria qualify for the world cup 2018,True
is one flew over the cuckoo's nest a true story,False
when sandy hit nj was it a hurricane,False
was call me by your name a book,True
has england won any world cup in cricket,False
does a jury have to be unanimous uk,False
do dogwood trees grow in the middle east,False
is there such a thing as a coywolf,True
would hydrogen chloride be a gas at room temperature,True
is the olympic torch always lit in greece,True
is canada in the 2018 soccer world cup,False
is king louie in the jungle book book,False
does drake in my feelings have a video,True
can goalie pick up ball from throw in,False
do the individual parallel lines in a parallel circuit have different currents flowing through them,False
is the orientation of a protein sequence important for the protein function,True
is bok choy the same as pak choi,True
do guinea pigs come from papua new guinea,False
did thomas jefferson wrote the declaration of independence when he was president,False
is st. patricks day always on march 17,True
is there a national bring your dog to work day,True
is there a fourth book of magnus chase,False
the visual cliff is a device for studying,True
is himalaya the highest mountain in the world,False
is a 1-888 number toll free,True
are the normal force and force of gravity always equal,False
does the mail run on memorial day weekend,False
is season 7 of ahs the last season,False
can you get drafted out of high school into the nba,False
does penalty shoot out goals count for golden boot,False
does the honda insight need to be plugged in,False
is big little lies just a mini series,False
is mall of asia the biggest mall in asia,False
is 44 rem mag the same as 44 mag,True
does canada's worst driver lose their license,False
can you drink in the street in glasgow,False
is daylight savings time all over the world,False
can u really hear the ocean in a shell,False
is sweet italian sausage the same as mild,False
will there be a season 3 of too close to home,False
is the medal of honor the highest honor,True
can you buy a car in wisconsin on sunday,False
did north korea compete in the 2018 olympics,True
is london the capital of the united kingdom,True
is a circle the same as a sphere,False
did ward and june cleaver sleep in the same bed,False
is a bba the same as a bs,False
is the top thrill dragster the tallest roller coaster,False
is the red cross part of the un,False
did wales ever qualify for the world cup,True
does marvel own the rights to fantastic four,True
does bree van de kamp go to jail,False
do penalties after extra time count towards golden boot,False
is there really such a thing as a broken heart,True
have the arkansas razorbacks ever won a national championship in football,True
is zip code the same as post code,True
is monaco a country in its own right,True
is the movie the mission based on a true story,True
do you have to win a tennis set by 2,True
did china ever qualify for fifa world cup,True
is spiderman homecoming a sequel to the amazing spider man,False
is there a season 4 of phryne fisher,False
can a social security number have 8 digits,False
does a trapezoid have one set of parallel lines,True
can there be a beach on a lake,True
can anything be faster than the speed of light,False
is there going to be a mr robot season 4,True
is it possible for an element to have different types of atoms,True
is a cougar and a mountain lion the same thing,True
is there such thing as a jack rabbit,True
are cash money and money mart the same company,False
is it ok to eat cooking apples raw,True
is it ordinary time in the catholic church,True
does borderlands 2 handsome collection have all dlc,True
does the f train stop at queens plaza,False
is there a difference between slugs and snails,True
is the avengers and avengers assemble the same film,True
is there going to be a season 8 of rules of engagement,False
is the limbic system the oldest part of the brain,True
are target and macy's owned by the same company,False
did bonnie blairs daughter make the olympic team,False
is stella the mother on how i met your mother,False
is a hyundai genesis coupe a sports car,True
is it legal to carry a gun in new hampshire,True
was the movie 300 based on real events,True
is canada in the united states of america,False
can a 3 way bulb work in any lamp,True
were there helicopters in the second world war,True
does the us play in the world cup this year,False
is a money order the same as a postal order,False
does a macbook air have an ethernet port,False
does the switch come with 1 2 switch,False
does the mom die in the impossible movie,False
can you get aero bars in the us,True
are green beans the same as string beans,True
are collard greens the same as turnip greens,False
did rocky beat apollo creed in rocky 1,False
is the uk part of the schengen zone,False
is pawn stars filmed in the actual store,True
is tomato puree the same as tomato sauce,False
is the cash for clunkers program still active,False
is there a such thing as citizens arrest,True
can a felon own a gun in nj,False
did dennis quaid play the joker in batman,False
is saving private ryan based on a book,False
inflation means specific prices are rising and relative prices are falling,False
is mother's day considered a national holiday,True
do i have the right to protect myself,True
is the movie mighty joe young a true story,False
do the winners of the europa league qualify for the champions league,True
does an inside the park home run count as a home runs,True
is a caribou the same thing as a reindeer,True
is the movie se7en based on a book,False
was the declaration of independence before the revolutionary war,False
did hurricane audrey create a recorded storm surge,True
is target australia the same as target usa,False
is cash app and square cash the same,True
is the handmaid's tale a hulu original,True
can you wear a polo for business casual,True
is morgan stanley part of jp morgan chase,False
can u play xbox 360 games on an xbox 1,True
do they actually film movies at universal studios,True
is the game go the same as othello,False
is it possible to have an online relationship,True
is the mummy a remake of the mummy,False
can you fly a flag at half mast,True
are the paralympic games the same as the special olympics world games,False
does christina die in the book of henry,False
are liquor stores open in oklahoma on 4th of july,False
is there such thing as an alligator snapping turtle,True
is there such a thing as a designated survivor,True
does the whole state vote for both senators,True
is the last key the last insidious movie,False
is there a 50 shades of grey 3,True
is kong skull island part of a series,True
is there a spin off of grey's anatomy,True
is lake superior the second largest lake in the world,False
does chrysler still make the town & country minivan,False
is the back of the neck an erogenous zone,True
is the hundred foot journey based on a book,True
is west edmonton mall the biggest mall in the world,False
can microbes have symbiotic relationships with other microbes,True
do you have to be an all-star to be in the home run derby,False
is there going to be a new season of hell's kitchen,True
is it legal to shoot fireworks in delaware,False
do universal life policies have a cash value,True
can someone born on a military base be president,True
are there two versions of ren and stimpy,True
is the federal reserve bank of new york a government agency,True
do you have to pay to be on judge judy,False
is there a sequel to fantastic beasts and where to find them,True
do they sell beer in grocery stores in new jersey,True
is the fairmont hotel part of a chain,True
is it possible for a triangle to have more than one obtuse angle,False
is one world trade center taller than the empire state building,True
has the us ever gone to the world cup,True
do both feet leave the ground when running,True
can you blink one eye at a time,True
do you have to have two license plates in ontario,True
is a wooly mammoth the same as a mastodon,False
is there still an east and west berlin,False
is stanley cup 2-3-2,False
is a toyota kluger the same as a highlander,True
has croatia ever won a world cup final,False
is there a dunkin donuts in all 50 states,False
sequence occurs when pattern of notes is repeated,True
is vanilla sugar the same as regular sugar,False
was the five heartbeats based on a real group,False
is there going to be a third season of fargo,True
is eddie and the cruisers a real story,False
is mystic pizza based on a true story,False
my mother and other strangers is it a true story,False
do dogs have to have their dew claws removed,False
can you use chlorine in a saltwater pool,True
egypt is bordered by the red sea and the mediterranean sea,True
is it illegal to drink in public in singapore,False
did they ever find the boat from the perfect storm,False
is godzilla and king kong in the same universe,True
has tunisia ever been in the world cup,True
did hagrid die in the battle of hogwarts,False
did build a bear go out of business,False
is the us post office a private company,False
has an nba player ever averaged a triple double,True
is the movie unbreakable based on a true story,False
are vidalia onions the same as sweet onions,True
is the irish pound the same as the british pound,False
is duty free and tax free the same thing,False
is mount st helens still an active volcano,True
are they removing the carving from stone mountain,False
is wally west and bart allen the same person,False
is there going to be a third series of no offence,False
is there a season 2 of wynonna earp,True
is fedex part of the us postal service,False
is there more than one john wick movie,True
did the great fire of london destroy st paul's cathedral,True
does new zealand have a capital gains tax,False
does a sac fly count against your batting average,False
is the magna carta the english bill of rights,False
is the nasopharynx part of the respiratory system,True
in early 19th century new orleans where was real african music heard in the community,True
are the faroe islands part of the eu,False
is glen cove part of town of oyster bay,True
do all last names in iceland end in son,False
does north carolina get a lot of hurricanes,True
is a ferret and a weasel the same thing,False
victoria and abdul is it a real story,False
would a change in price shift the demand curve,False
does north carolina get snow in the winter,True
can you go to court for the same thing twice,False
was the soviet union a member of the axis powers,False
can the president of the philippines be re elected,False
is there a difference between 9x19 and 9mm luger,False
did canada ever make it to the world cup,True
is john wick going to be a trilogy,False
did the tomb raider game come out before the movie,True
did the first hot air balloon fly successfully,True
can u play playstation 2 games on ps3,True
is australia still part of the british empire,False
is all of rick and morty season 3 out,True
can you knee a ball back to the goalkeeper,False
can alkenes have more than one double bond,True
is a section of dna recognized by a restriction endonuclease,True
are the muppets the same as sesame street,False
is every strong electrolyte also a strong acid,False
does buffy's mom come back to life,False
do games from xbox 360 work on xbox one,True
is po box the same as zip code,False
do you have to be born in queensland to play state of origin,False
have the nashville predators won the stanley cup,False
is walgreens and cvs owned by the same company,False
is there a season 2 for the punisher,True
are all the game of thrones books written,False
is the rear differential part of the powertrain,True
is there a season 7 of republic of doyle,False
is les choristes based on a true story,True
is the letter j in the latin alphabet,True
did torrey pines park start out as a state reserve,True
was the tv show 9-1-1 cancelled,False
is there a relationship between molecular weight and diffusion rate,True
does authentic leadership have deep roots in philosophy,True
is star wars the last jedi the last star wars,False
is dobby in the goblet of fire movie,False
is a uterus and a womb the same thing,True
was the hudson river school an actual school,False
is part of niagara falls in new york,True
do manta rays have barbs on their tails,False
can you go out on a jack in cribbage,True
will there be a season 2 of constantine,False
does putting a shoe on a horse hurt,False
is st. patrick's day a holy day,True
is a full moon the same as a new moon,False
is star trek into the darkness a sequel,True
is elena still a vampire in season 6,False
does president have to be born in usa,True
is demon's souls part of dark souls,True
can i have dual citizenship in new zealand,True
does the mason dixon line run through new jersey,False
is liz from magic school bus a girl,True
does stefan's constant depend upon wavelength of radiation,False
can you see the great wall of china from space wiki,False
are danielle and mike related on american pickers,False
did the mayans and aztecs speak the same language,False
can you buy wine in grocery stores in missouri,True
were the olsen twins in the flintstones movie,False
is nebraska in the middle of the usa,True
is diary of a wimpy kid realistic fiction,True
can you play a zone defense in the nba,True
are the baltic countries part of the eu,True
is me before you a nicholas sparks movie,False
does creon want to be king of thebes,False
was south africa part of the british commonwealth,True
is there a season 7 of vanderpump rules,False
do i need to provide id to police,False
are there any dominick's stores still open,False
is cottage cheese the same as cheese curds,False
can heat energy be converted to electrical energy,True
will there be a marvel runaways season 2,True
is cow milk the same as breast milk,False
did the berlin wall go all around west berlin,False
can there be an economy without economic problem,False
did the movie dolores claiborne win any awards,True
do you have to pay for a warning ticket,False
can a world cup final go to penalties,True
did the movie papillon win any academy awards,False
is qatar going to be the world cup host,True
do they end up together in no strings attached,True
does a female blackbird have a yellow beak,False
is a stop sign considered a traffic control device,True
is switched at birth based on a real story,True
is ryne sandberg in the hall of fame,True
does xbox 360 games play on xbox one,True
does the m train go to broadway junction,False
are ipv6 unique local unicast addresses routable within and outside an organization,False
is there a second series of pan am,False
does pete's dragon have a happy ending,True
is red lobster and olive garden owned by the same company,False
can you be a hypochondriac about mental illness,True
is the riddler and the joker the same character,False
does hit the floor have a new cast,False
the olfactory epithelium lies in a mucous membrane covering the inferior nasal conchae,True
does maurice die in beauty and the beast,False
has croatia ever made it to world cup final,True
has there been a james bond movie since skyfall,True
does the mississippi flow into the gulf of mexico,True
nilgiri himalyan and arabian are types of tahr,True
the third amendment protects citizens from having to quarter troops without consent,True
is hamilton nj the same as trenton nj,False
does each person win a car on family feud,False
is the gulf of california the same as the sea of cortez,True
is there rice grown in the united states,True
is there such a thing as figgy pudding,True
is johnny mize in the hall of fame,True
is the us virgin islands part of the usa,True
pir panjal is a part of trans himalaya,True
do chad and romania have the same flag,False
do you use your vocal cords to whisper,False
is the blue ridge mountains part of the appalachians,True
do supreme court rulings apply to all states,True
can you define a median for an unordered categorical variable,False
do double barrelled names have to be hyphenated,False
has anyone ever survived a commercial plane crash,True
do police cars automatically scan license plates uk,True
is co clare in the republic of ireland,True
were the two oil crisis in the 1970s,True
was the american president filmed in the white house,False
cells are the basic unit of life and in all organisms,True
does pete's dragon die in the movie,False
can i sue my insurance company for bad faith,True
is there a new star trek series on tv,True
is there a book 7 of the mortal instruments,False
is the virgin island part of the us,True
is puget sound part of the pacific ocean,True
can you crossbreed a wolf with a dog,True
will there be a fourth series of the tunnel,False
can a dfa have more than one final state,True
is new zealand money the same as american money,False
is the ring finger vein connected to the heart,False
is mexico a part of the united states,False
is super smash brothers ultimate a new game,True
will there be a series 4 of the leftovers,False
are nautical miles the same as air miles,False
is there extra time in scottish cup semi final,True
can pie charts be used for numerical data,True
does elmer's glue have horse in it,False
was tonight the last show of lethal weapon,False
can anything move faster than speed of light,False
can i travel to samoa with a criminal record,False
is china the third largest country in population,False
is non current assets the same as fixed assets,False
are the current members of pentatonix the original members,False
he federal reserve board controls the amount of money available in the economy,True
does peyton have a miscarriage on one tree hill,False
is tandoori masala the same as garam masala,False
is there a sequel to the last airbender,False
is walmart and sam's club the same,False
is wythenshawe the biggest council estate in europe,False
does injustice 2 take place in the alternate universe,True
have the yankees and mets played in the world series,True
is there a season 8 of blue bloods,True
did jughead and betty date in the comics,False
is the us treasury part of the federal reserve,False
is the caribbean part of the atlantic ocean,True
is a field in one table whose values are required to match a primary key in another table,True
does the dog die in because of winn dixie,False
is the movie yellow brick road based on a true story,False
is married at first sight a legal marriage,False
is todd bethany's dad in coronation street,False
is it illegal to own a gun in new york,False
do i have to put my name on the return address,False
can you drink in a car in germany,True
is distilled vinegar the same as white vinegar for cooking,True
is an associates degree the same as a bachelor's degree,False
are there fixed costs in the long run,False
is resident evil 7 vr the full game,True
dense irregular connective tissue is found in the dermis of the skin,True
is fantastic four part of marvel cinematic universe,False
has anyone ever won 4 nba championships in a row,True
is st croix in the us virgin islands,True
is percy jackson the only son of poseidon,False
is world cup extra time a golden goal,False
do we ever learn where fez is from,False
are michael and lincoln brothers in real life,False
the bill of sale is absolute proof of ownership,False
behind enemy lines was it based on a true story,True
are virginia and west virginia the same state,False
was wizard of oz originally in black and white,False
can you sue the army corps of engineers,True
is lemon tonic the same as bitter lemon,False
is the book i am pilgrim a true story,False
do all cats have the same blood type,False
is delhi and new delhi the same thing,False
does a female bald eagle have a white head,True
does the family die in a quiet place,False
is avatar the last airbender a disney movie,False
is there a train station in newark airport,True
is there a season 7 of the originals,False
is there a tunnel between denmark and sweden,True
did the cleveland browns win any games last season,False
are brussels sprouts part of the cabbage family,True
did the first incredibles come out in theaters,True
has there ever been a tornado in connecticut,True
was season 14 the end of greys anatomy,False
can you play phase 10 with 8 players,False
was the king james bible the first english translation,False
is the movie spirit based on a true story,False
is a hippo part of the pig family,False
is there a male and female mulberry tree,True
did man of war win the kentucky derby,False
is silicon valley season 5 the last season,False
has any nba player won mvp as a rookie,True
is there going to be another i am four movie,False
is jurassic world set on the same island,True
are collard greens the same as mustard greens,False
does the arachnoid mater appear to be attached to the dura mater,True
is soccer overtime sudden death in world cup,False
cohesion tension theory of water transport in plants,True
does xbox one game work on xbox 360,False
does michael come back to the office in season 8,False
has a tornado ever hit new york city,True
is there a movie after 10 cloverfield lane,True
has anyone ever died in the la brea tar pits,False
is fear the walking dead same as walking dead,False
is equilibrium potential the same as resting potential,False
do you have to be mormon to attend brigham young university,False
is it illegal to break out of jail in germany,False
has a female horse ever won the triple crown,False
has anyone survived going over the niagara falls,True
is it illegal to smoke indoors in spain,True
can you grow tea leaves in the us,True
has anyone ever received more than one medal of honor,True
was france a republic after the french revolution,True
is there a new season of haters back off,False
is there an end scene in advengers infinity war,True
do they still put the worm in tequila,False
the vampire diaries does damon and elena get together,True
was the real jim lovell in the movie apollo 13,True
is washington dc a part of a state,False
is the 100 season 5 the last season,False
can the product of two prime numbers be a prime number,False
did get rich or die trying go diamond,False
is petra jordan a wonder of the world,True
king of queens do doug and carrie get a divorce,False
is the movie remember me a true story,False
is there going to be a star trek 3,True
does the army train hand to hand combat,True
is i 78 a toll road in pa,False
are all the states made up of two houses,False
are the blue angels part of the military,True
is there a nuclear power plant in arizona,True
is wells fargo associated with bank of america,False
will wii motion plus controller work regular wii,True
is jersey money legal tender in the uk,False
is air force one any plane the president is on,True
is elton john's song daniel about his brother,False
is there a time change between alberta and saskatchewan,True
is there a such thing as a fast lane,True
can you legally own a crossbow in the uk,True
can there be rain and fog at the same time,True
are there mountains in the state of indiana,False
does the state of kentucky have the death penalty,True
is alaska almost as big as the united states,False
can you drink in texas if you are with your parents,True
do pam and jim break up in the office,False
is the movie tombstone based on a real story,True
did germany qualify for the 2018 world cup,True
in the film adrift did they all die,False
is credit hours the same as semester hours,True
does a parallelogram have 2 pairs of parallel sides,True
will there be a cobrai kai season 2,True
has kansas city chiefs ever won a superbowl,True
do they use salt on the roads in pennsylvania,True
res ipsa loquitur means the thing speaks for itself and is related to causation,True
in mississippi can you drink with your parents,True
does derek shepherd get fired in season 6,False
is there a cable between america and europe,True
is a m80 a quarter stick of dynamite,False
is the house of representatives in the legislative branch,True
is there stump out in free hit ball,False
are there any more i am number four movies,False
is a counter check the same as a cashier's check,False
is one eye always stronger than the other,False
is red lobster a part of darden restaurants,False
do i need the chromecast app to cast,False
did the dallas mavericks ever win the nba championship,True
are banks in scotland open on easter monday,False
is mississippi the longest river in the world,False
was mara jade in return of the jedi,False
is there a town in alabama called bluebell,False
is san marcos part of san diego county,True
is crater lake the deepest lake in the world,False
does a self portrait have to be of you,False
is the base of an isosceles triangle always the longest side,False
is the force awakens the last star wars movie,False
when you call rummy do you pick up the whole pile,False
did the usa soccer team qualify for the world cup,False
are spark plugs and ignition coils the same,False
can you tag up on an infield fly,True
is burj al arab the tallest hotel in the world,False
is the hippocampus part of the brain stem,False
is the blues brothers movie a true story,False
is truth or dare movie based on a true story,False
is cedar cove coming back for season 4,False
do you get to keep the french open trophy,False
is fifa world cup 2014 on xbox one,False
is there a disorder for talking too much,True
did danny johnson from southern university get drafted,False
the shawshank redemption was it a true story,False
do all neurons have the same action potential,False
is tandoori masala the same as tikka masala,False
do oxymorons have to be next to each other,False
is hotel artemis based on a true story,False
is there an age limit to get married,False
is the show the sinner based on a book,True
is there such thing as a chicken hawk,True
is there a train station in chipping norton,True
can a knight jump over an opponent's piece,True
were the abba songs written for mamma mia,False
is a braid and a plait the same thing,True
is camomile tea and chamomile tea the same,True
do cows have to be impregnated to produce milk,True
are gun shows required to do background checks,False
is st maarten and st martin the same place,True
is thanksgiving the last thursday of november every year,False
is army corps of engineers part of army,True
can you take a boat from chicago to the ocean,True
have nigeria ever won the fifa world cup,False
is copper ii sulfate pentahydrate soluble in water,True
does shuri become black panther in the comics,True
is there a train station in tallahassee fl,True
do all french bulldogs need a c section,False
is all of australia on the same time zone,False
do you have to snap the football between your legs,False
did the milwaukee brewers ever won a world series,False
is madden girl and steve madden the same,False
can a us citizen become a citizen of denmark,True
are g major and e minor the same,False
is there a end credit scene in avengers infity war,True
did breakfast at tiffany's win any awards,True
is puerto rico legally part of the united states,True
is lesotho the only country within a country,False
is there a difference between xmas and christmas,False
the area under the entire probability density function equals 1,True
do you need a permit to buy a crossbow,False
is one world trade center built on ground zero,True
does the umbilical artery carry oxygenated blood to the conceptus,False
can you throw the ball forward in rugby,False
did jamie live in a walk to remember,False
does the end result for the internal rate of return (irr) change if the cost of capital changes,False
is an ip address unique to a device,True
a cappella indicates a choral work performed with accompaniment,False
are the songs in mamma mia 2 from abba,True
are there victoria's secret stores in europe,True
is washington dc considered part of the united states,True
can you use gamecube controller for wii games,True
do you get conjugal visits in prison uk,False
will there be a 7th season of parenthood,False
does all canon lenses fit all canon cameras,False
can a player play in uefa competition for more than one club in the same season,False
is the actor that plays kevin on young and restless leaving the show,False
did india ever qualified for fifa world cup,True
has a 16 seed ever won a ncaa tournament game,True
can you really make a citizen's arrest,True
is there a new series of lethal weapon,True
is a certified abstract of birth a birth certificate,True
is leeds the 3rd largest city in england,False
is iso and film speed the same thing,False
can a senior in high school play junior varsity,True
is point guard and shooting guard the same thing,False
is old fashion oats the same as rolled oats,False
do you always have to dial an area code,False
does it snow in north carolina in december,True
could two molecules contain the same sets of atoms but have different properties,True
was the african queen filmed in dalyan turkey,False
does chuck die in gossip girl season 5,False
can you drink alcohol in public in texas,False
did sam make it home on quantum leap,False
do i need a tourist visa for taiwan,False
is a panda a member of the bear family,True
does a bee always die after it stings,False
is the colorado river in texas the same as in colorado,False
does google duo have end to end encryption,True
can you move a pawn backwards in chess,False
jesuits are recognized as order to the pope,True
is what does the fox say about furries,False
can i ask for cashback with a credit card,False
is all dlc included in skyrim special edition,True
is t-mobile the same as at&t,False
is diners drive ins and dives still in production,True
is a drag link the same as a tie rod,False
did jed lowrie play for the red sox,True
is pound sterling the same as british pound,True
is homeland security part of the executive branch,True
are voltage-gated sodium channels always open,False
is there a new star trek series coming,True
does the associative property allow you to change the order in which you complete two operations,False
is there a month with two full moons,True
is evaporated filled milk the same as evaporated milk,False
are us and canadian passports the same size,False
is 38 s&w special the same as 38 special,True
is harry potter and the philosopher's stone the first book,True
was there a degrassi before degrassi the next generation,True
does the toyota rav4 have all wheel drive,True
are there water rides at knott's berry farm,True
nfl rules can the ground cause an incomplete pass,False
is jigsaw a part of the saw series,True
was imitation of life based on a true story,False
is it's a wonderful life public domain,False
did hurricane ike create a recorded storm surge,True
is the f-35 a fifth generation fighter,True
does the tour de france take the same route every year,False
is the head gasket part of the motor,True
can a us citizen have a royal title,False
can you play doki doki literature club on ps4,False
is there a follow up movie to the golden compass,False
does oxidation always result in the initiation of a fire,False
is there a 500 dollar bill in us currency,False
can the atmosphere be considered a natural resource,True
does minnesota have the stand your ground law,False
is one day in the life of ivan denisovich fiction,True
did greece qualify for the world cup 2018,False
can you play lego rock band without instruments,False
is there a second season of looming tower,False
is magenta from blue's clues a girl,True
can a person have more than 4 wisdom teeth,True
does the us have embassies for other countries,True
has the usa ever won the fifa world cup,False
is season 13 of grey's anatomy the last,False
is egypt considered part of the middle east,True
does a square matrix always have an inverse,False
is the uk the only country with a monarchy,False
was san antonio ever the capital of texas,False
is it illegal to sign the american flag,False
is the wind through the keyhole part of a series,True
is it legal to busk in the us,True
is the statue of liberty on new jersey,False
did the mets play at the polo grounds,True
does a trust have to have a trustee,True
does canada have a right to free speech,True
can you play xbox 360 games on an xbox one console,True
is there such a thing as a ground squirrel,True
is the fuller brush company still in business,True
is there a fifty shades of grey part 2,True
did they take wrestling out of the olympics,False
is distance measured using the same system all over the world,False
can you get a restraining order against your landlord,True
is an undertow the same as a rip current,False
is there going to be a season 2 of flashforward,False
did anyone die in the battle of fort sumter,False
did the atlanta braves ever win the world series,True
is los cabos same as cabo san lucas,False
if you get subbed out in soccer can you come back in,False
is there a walmart store in every state,False
dialup is the slowest type of the internet connection,False
is there going to be suicide squad two,True
is movie bernie based on a true story,True
are ground hogs and woodchucks the same animal,True
can a man legally change his last name,True
is it possible for hair to change color,True
is mother day the first sunday of may,False
is the grand floridian modeled after the hotel del coronado,True
is there barge traffic on the missouri river,True
is walmart the biggest retail company in america,True
are they making another season of young justice,True
port vale only team not named after a place,False
has panama ever made it to the world cup,True
by the end of the fourth century christianity was the official religion of the roman empire,True
is the film truth or dare on netflix,False
are the new york cosmos in the mls,False
is rogue one a part of star wars,True
is a fixed asset a non current asset,True
did the mets ever win a world series,True
is a shallot the same as a leek,False
is there such a thing as a widow's ring,True
is the cerebrum and the cerebral cortex the same,False
is there going to be a season 3 marco polo,False
does every country have an embassy in the us,False
is the tv show blue bloods still on,True
does the air force have a top gun,True
can you make a right turn on red in north carolina,False
is a worm part of the snake family,False
does the dog die in the movie benji,False
changes in the gene pool can occur due to various mechanisms,True
is there going to be the messengers season 2,False
is dulles airport the same as reagan airport,False
can a written statement be used in court,True
is there a bank of the west in arizona,True
in blue lagoon are they brother and sister,False
is central park the biggest park in america,False
do all pendulums swing at the same rate,False
is trinidad and tobago part of the caribbean,True
is scottie pippen in the nba hall of fame,True
is the 100 based off of a book,True
is there such a thing as certified email,True
does the us army still issue dog tags,True
does a rook piercing go through the back of your ear,False
can you have fog and rain at the same time,True
is the terror based on a real story,True
is university of the philippines a state university,True
was the movie dreamgirls based on the supremes,True
is season 7 of got the final season,False
did rachel go to paris at the end of friends,False
can you get 100 pound notes in england,False
are there two versions of the greatest showman,True
is there a train station on hayling island,False
is too close to home season 3 out,False
does the queen go on her color in chess,True
do they have golden goal in the world cup,False
do all dslr lenses fit all dslr cameras,False
is there a women's fifa world cup,True
can you drink in missouri as a passenger,True
has the world cup been decided by penalties,True
is a vin number the same as a serial number,False
is a t cell a white blood cell,True
do the titans win in remember the titans,True
does a throw in count as a goal,False
is the us open always played on the same course,False
was the movie jack based on a true story,False
is there such thing as a poisonous butterfly,True
is there a navy base in new orleans,True
is the deep web and the dark web the same thing,False
does court number 1 at wimbledon have a roof,False
are there fish in the los angeles river,True
has a hurricane ever come up the chesapeake bay,True
is there such a thing as rose gold,True
is mexico considered part of the united states,False
the movie gangs of new york is it a true story,False
does bran really die in game of thrones,False
do electrons travel at the speed of light,False
is puja the most important part of hinduism,False
is red velvet cake the same as chocolate,False
is creed a part of the rocky series,True
is lax the biggest airport in the world,False
did the treaty of paris ended the american revolution,True
the actors in the courtroom work group typically cooperate with one another,True
is four winds casino on an indian reservation,True
does every place on earth get the same amount of sunlight,False
are there penalty kicks in the world cup,True
is there a season 3 of food wars,True
did any of the friends cast appear on joey,True
is blue valentine based on a true story,False
has anyone ever won a million dollars on the show who wants to be a millionaire,True
are there still any world war 2 veterans alive,True
is 7.62 x54 the same as 30 06,False
is cracked wheat and bulgur the same thing,False
is i 93 in boston a toll road,False
is the movie shooter based on real life,False
was the fruit orange named after the color,False
are the north and south islands of new zealand connected,False
is there going to be a 3rd 21 jump street,True
can a will have a no contest clause,True
is sodium hydrogen carbonate the same as baking soda,True
is game of thrones based on the book,True
are home depot and lowes the same company,False
does eomer die in lord of the rings,False
do the supreme court justices have secret service,False
has there ever been a supermajority in congress,True
if no energy were added to the gas during the expansion could the pressure remain constant,False
is santa ana the same as john wayne airport,False
has the usa won a fifa world cup,False
are the blue lagoon characters brother and sister,False
are rubbing alcohol and isopropyl the same thing,True
is buy buy baby connected to bed bath and beyond,True
was hawaii a territory before it became a state,True
is range rover and land rover the same,False
is there taco bell on the east coast,True
is the last post the same as taps,False
does callie baby die in season 7 episode 18,False
is an elk a member of the deer family,True
is a wrinkle in time a true story,False
is dublin ohio in the 12th congressional district,True
did kareem abdul jabbar scored 100 points in a game,False
can i call 311 to ask a question,True
is the bugatti veyron the fastest car in the world,False
did the raiders move to las vegas yet,False
are ap classes the same in every school,False
does disney own star wars the clone wars,True
is there a bridge from wisconsin to michigan,True
does burke come back in grey's anatomy,True
is an other than honorable discharge a felony,False
are there any forms of involuntary servitude still permitted today,False
did jack black play guitar in school of rock,True
is there a sequel to i am number 4 film,False
can you go back to trial after a mistrial,True
is there an nfl team moving to las vegas,True
is it legal to grow tobacco in india,True
is there a difference between spanish rice and mexican rice,False
can your pee be red after eating beets,True
can you remote play ps3 games on vita,True
is gears of war 4 the last game,False
is there a second place prize in survivor,True
does university of florida have a soccer team,True
a madrigal is a renaissance secular composition for four or five voices,True
is northern ireland a part of great britain,True
is there a new season of the killing,False
can a 20 year old drink with parents in texas,True
is it possible to be allergic to rice,True
do you include the title page in a table of contents,False
is lana lang and lois lane the same person,False
is a paralegal the same as an attorney,False
is the body shop still owned by l'oreal,False
can you have a delayed reaction to grief,True
is a drive shaft and cv joint the same thing,False
is an invasion of privacy against the law,True
is the movie sandlot based on a true story,False
is hocus pocus based on a true story,False
can you jump off two feet in high jump,False
is a grizzly the same as a brown bear,False
are cadbury creme eggs made with cadbury chocolate,False
are carbon zinc batteries the same as alkaline,False
do all bees and wasps die after stinging,False
does john redcorn know joseph is his son,False
can 2 people's dna be the same,False
can you use oyster card at walton on thames,False
is the coast guard a branch of the armed forces,True
is there a predictable correspondence between word sound and word spelling,True
is there a difference between alsatians and german shepherds,False
is there a season 3 of my hero academia,True
the internal revenue code is part of federal statutory law. true false,True
is the salmon cooked in lomi lomi salmon,False
can you drink with your parents in pennsylvania,False
did the ucf player with one hand get drafted,True
does a wrinkle in time have a sequel,True
can you sell horse meat in the uk,True
is there a take your pet to work day,True
do jockeys have to weigh a certain amount,True
is the sierra nevada part of the rocky mountains,False
are there any bananas grown in the united states,True
does the table of contents count as page 1,False
is 100 million the same as 1 billion,False
can you buy alcohol at the age of 18,False
do all the states have daylight savings time,False
is there a season 3 of seven deadly sins,True
is demarcus ware still playing in the nfl,False
is the show 100 based on a book,True
has an 11 seed ever made it to the ncaa final four,True
is there a border between germany and poland,True
was the peloponnesian war before the persian war,False
does hitting the post count as a shot on goal,False
is there such thing as a hairless dog,True
are you automatically a us citizen if you are born here,True
is all of florida on the same time zone,False
is there a season 9 of once upon a time,False
are football boots and soccer boots the same,True
did dr hook ever get their picture on the cover of the rolling stone,True
is season 5 the last for silicon valley,False
is season 29 of the simpsons the last season,False
does a turtle's shell grow with them,True
does the suzuki sx4 have a timing belt,False
are aldi & lidl part of the same company,False
is the kia soul a 4 wheel drive,False
is it the same year in every country,False
is vampire diaries a spin off of twilight,False
when do andy and erin get back together,False
are wizards human in lord of the rings,False
is it possible to have more than one citizenship,True
does the us have military bases in germany,True
is there a difference between spanish and portuguese language,True
did the boy who cried wolf have a name,False
can a geologist work in an oil company,True
is the book me before you based on a true story,False
can you have alcohol with your last meal,False
is there a bank associated with american express,True
can you go into shock from emotional trauma,True
were there political parties when the constitution was written,False
is there going to be a third season of rick and morty,True
will there be a season 2 of battle creek,False
are airsoft guns legal in new york state,False
is the marginal cost curve the supply curve,False
does the boy die in the space between us,False
is a flat white the same as a latte,False
are parchment paper and butter paper the same,False
is a checksum the same as a hash,False
is propane gas the same as lpg gas,True
is there going to be a season 3 of stranger thingd,True
does northern ireland have a national football team,True
is the ball dead when it hits a runner,True
is the greatest royal rumble going to be on the wwe network,True
do northern ireland compete for gb in the olympics,True
is there a sequel to daddy's home,True
is it possible to have a score of 1 in football,True
is it illegal to count cards at a casino,False
did trevor die in the fundamentals of caring,False
is there new episodes of pretty little liars,False
is the movie mine based on a true story,False
does the ampulla of vater only contain pancreatic juice,False
is 1-866 numbers free to call,True
available raw materials are one of the limiting factors regulating carrying capacity,True
did eazy e's son play in straight outta compton,False
indian railways forms spv to execute mumbai-ahmedabad bullet train project,True
is parallel evolution the same as convergent evolution,False
can you eat the dates from a date palm tree,True
has west virginia ever played ohio state in football,True
can states take private property for public purposes,True
is eyes of the dragon part of the dark tower series,False
did lebron james won a championship in cleveland,True
is a coil pack the same as a distributor,False
is ashley homestore the same as ashley furniture,True
is an american tablespoon the same as uk,False
can you be offsides on a corner kick,False
is mount and balance the same as alignment,False
is there a sequel to 50 shades of grey,True
does she kill glenn in the book of henry,False
has anyone ever won an oscar and a grammy,True
are grey and red squirrels the same species,False
is big boss the same as solid snake,False
are the navy seals part of the navy,True
is it normal to live in a fantasy world,False
is weight always equal to the normal force,False
is bell palsy a lower motor neuron lesion,True
is the us playing in the workd cup,False
is there a bank of america in canada,True
do you have to give your baby a middle name,False
is canada the biggest country in the world,False
is memorial day a stat holiday in the usa,True
can a polyhedron have 3 faces 4 vertices and 7 edges,False
is transformers the last knight the last one,False
can you still buy a sears kit home,False
is the eiffel tower the tallest building in the world,False
is the princess and the goblin a disney movie,False
do they sell kraft macaroni and cheese in england,True
does lead have any important uses in nuclear science,True
are there special forces in the air force,True
does paige find out about jj and eve,True
is it law to wear a bicycle helmet in australia,True
is there compulsory military service in the us,False
is chicago the biggest city in the world,False
is there a difference between vw bug and beetle,False
is an income statement the same as a profit and loss,True
has anyone ever survived a fall from an airplane,True
is black cumin the same as nigella seeds,False
will pool water turn blue if you pee in it,False
do archie and betty end up together in the comics,True
is wrought iron the same as cast iron,False
is the movie sand pebbles based on a true story,False
is the et ride still at universal studios hollywood,False
have the texas rangers won the world series,False
is it possible to have two queens in chess,True
can u play zone defense in the nba,True
is spectre the last daniel craig bond film,False
can you record phone calls in the uk,True
did high school musical come out in theaters,False
the climax is the point of in a story,True
is women's day a public holiday in south africa,True
was the great chicago fire started by a cow,False
is there grade pay in 7th pay commission,True
is there an air force base in ohio,True
if you are born in brazil are you a citizen,True
is a german shepherd considered a wolf hybrid,False
is the wall movie based on true story,False
are the queen of hearts and the red queen the same person,False
does the national labor relations act still exist,True
can aluminum pots be used on induction cooktops,False
do all angles on a triangle add up to 180,True
is midnight sun based off a true story,False
are all of the members of fleetwood mac still alive,False
